method	host_mode	case_name	devices	streams	submit_mode	stream_sync	process_sync	stream_start_gate	blocks	iterations	exit_code	dev_bw_gbps	start_skew_avg_us	group_wall_avg_us	wall_bw_gbps	log
ce	one_share	one_share_host_to_all_device_ce_multi_stream	1	1	stream-major	event	barrier	off	512	128	0	3.714	0	23354	3.680	/workspace/dev-sandbox/logs/glm512_144_matrix/20260831_160033/ce_one_share_d1_s1_stream_major_event.log
ce	one_share	one_share_host_to_all_device_ce_multi_stream	1	1	stream-major	stream	barrier	off	512	128	0	N/A	0	23837	3.605	/workspace/dev-sandbox/logs/glm512_144_matrix/20260831_160033/ce_one_share_d1_s1_stream_major_stream.log
ffts	one_share	one_share_host_to_all_device_ffts_direct_h2d	1	1	stream-major	event	barrier	off	512	128	0	19.281	0	4597	18.694	/workspace/dev-sandbox/logs/glm512_144_matrix/20260831_160033/ffts_one_share_d1_s1_stream_major_event.log
ffts	one_share	one_share_host_to_all_device_ffts_direct_h2d	1	1	stream-major	stream	barrier	off	512	128	0	N/A	0	4506	19.072	/workspace/dev-sandbox/logs/glm512_144_matrix/20260831_160033/ffts_one_share_d1_s1_stream_major_stream.log
ce	all	all_host_to_all_device_ce_multi_stream	1	1	stream-major	event	barrier	off	512	128	0	6.665	0	12972	6.625	/workspace/dev-sandbox/logs/glm512_144_matrix/20260831_160033/ce_all_d1_s1_stream_major_event.log
ce	all	all_host_to_all_device_ce_multi_stream	1	1	stream-major	stream	barrier	off	512	128	0	N/A	0	14117	6.088	/workspace/dev-sandbox/logs/glm512_144_matrix/20260831_160033/ce_all_d1_s1_stream_major_stream.log
ffts	all	all_host_to_all_device_ffts_direct_h2d	1	1	stream-major	event	barrier	off	512	128	0	23.467	0	3780	22.735	/workspace/dev-sandbox/logs/glm512_144_matrix/20260831_160033/ffts_all_d1_s1_stream_major_event.log
ffts	all	all_host_to_all_device_ffts_direct_h2d	1	1	stream-major	stream	barrier	off	512	128	0	N/A	0	3711	23.158	/workspace/dev-sandbox/logs/glm512_144_matrix/20260831_160033/ffts_all_d1_s1_stream_major_stream.log
ce	one_share	one_share_host_to_all_device_ce_multi_stream	1	1	round-robin	event	barrier	off	512	128	0	3.941	0	21970	3.912	/workspace/dev-sandbox/logs/glm512_144_matrix/20260831_160033/ce_one_share_d1_s1_round_robin_event.log
ce	one_share	one_share_host_to_all_device_ce_multi_stream	1	1	round-robin	stream	barrier	off	512	128	0	N/A	0	25414	3.382	/workspace/dev-sandbox/logs/glm512_144_matrix/20260831_160033/ce_one_share_d1_s1_round_robin_stream.log
ffts	one_share	one_share_host_to_all_device_ffts_direct_h2d	1	1	round-robin	event	barrier	off	512	128	0	19.320	0	4563	18.834	/workspace/dev-sandbox/logs/glm512_144_matrix/20260831_160033/ffts_one_share_d1_s1_round_robin_event.log
ffts	one_share	one_share_host_to_all_device_ffts_direct_h2d	1	1	round-robin	stream	barrier	off	512	128	0	N/A	0	4494	19.123	/workspace/dev-sandbox/logs/glm512_144_matrix/20260831_160033/ffts_one_share_d1_s1_round_robin_stream.log
ce	all	all_host_to_all_device_ce_multi_stream	1	1	round-robin	event	barrier	off	512	128	0	6.120	0	14137	6.079	/workspace/dev-sandbox/logs/glm512_144_matrix/20260831_160033/ce_all_d1_s1_round_robin_event.log
ce	all	all_host_to_all_device_ce_multi_stream	1	1	round-robin	stream	barrier	off	512	128	0	N/A	0	13201	6.510	/workspace/dev-sandbox/logs/glm512_144_matrix/20260831_160033/ce_all_d1_s1_round_robin_stream.log
ffts	all	all_host_to_all_device_ffts_direct_h2d	1	1	round-robin	event	barrier	off	512	128	0	23.455	0	3794	22.651	/workspace/dev-sandbox/logs/glm512_144_matrix/20260831_160033/ffts_all_d1_s1_round_robin_event.log
ffts	all	all_host_to_all_device_ffts_direct_h2d	1	1	round-robin	stream	barrier	off	512	128	0	N/A	0	3715	23.133	/workspace/dev-sandbox/logs/glm512_144_matrix/20260831_160033/ffts_all_d1_s1_round_robin_stream.log
ce	one_share	one_share_host_to_all_device_ce_multi_stream	1	4	stream-major	event	barrier	off	512	128	0	5.205	0	17479	4.917	/workspace/dev-sandbox/logs/glm512_144_matrix/20260831_160033/ce_one_share_d1_s4_stream_major_event.log
ce	one_share	one_share_host_to_all_device_ce_multi_stream	1	4	stream-major	stream	barrier	off	512	128	0	N/A	0	17273	4.975	/workspace/dev-sandbox/logs/glm512_144_matrix/20260831_160033/ce_one_share_d1_s4_stream_major_stream.log
ffts	one_share	one_share_host_to_all_device_ffts_direct_h2d	1	4	stream-major	event	barrier	off	512	128	0	34.948	0	2610	32.926	/workspace/dev-sandbox/logs/glm512_144_matrix/20260831_160033/ffts_one_share_d1_s4_stream_major_event.log
ffts	one_share	one_share_host_to_all_device_ffts_direct_h2d	1	4	stream-major	stream	barrier	off	512	128	0	N/A	0	2470	34.793	/workspace/dev-sandbox/logs/glm512_144_matrix/20260831_160033/ffts_one_share_d1_s4_stream_major_stream.log
ce	all	all_host_to_all_device_ce_multi_stream	1	4	stream-major	event	barrier	off	512	128	0	13.785	0	6647	12.929	/workspace/dev-sandbox/logs/glm512_144_matrix/20260831_160033/ce_all_d1_s4_stream_major_event.log
ce	all	all_host_to_all_device_ce_multi_stream	1	4	stream-major	stream	barrier	off	512	128	0	N/A	0	6500	13.221	/workspace/dev-sandbox/logs/glm512_144_matrix/20260831_160033/ce_all_d1_s4_stream_major_stream.log
ffts	all	all_host_to_all_device_ffts_direct_h2d	1	4	stream-major	event	barrier	off	512	128	0	36.962	0	2446	35.134	/workspace/dev-sandbox/logs/glm512_144_matrix/20260831_160033/ffts_all_d1_s4_stream_major_event.log
ffts	all	all_host_to_all_device_ffts_direct_h2d	1	4	stream-major	stream	barrier	off	512	128	0	N/A	0	2204	38.992	/workspace/dev-sandbox/logs/glm512_144_matrix/20260831_160033/ffts_all_d1_s4_stream_major_stream.log
ce	one_share	one_share_host_to_all_device_ce_multi_stream	1	4	round-robin	event	barrier	off	512	128	0	5.878	0	15665	5.486	/workspace/dev-sandbox/logs/glm512_144_matrix/20260831_160033/ce_one_share_d1_s4_round_robin_event.log
ce	one_share	one_share_host_to_all_device_ce_multi_stream	1	4	round-robin	stream	barrier	off	512	128	0	N/A	0	10855	7.917	/workspace/dev-sandbox/logs/glm512_144_matrix/20260831_160033/ce_one_share_d1_s4_round_robin_stream.log
ffts	one_share	one_share_host_to_all_device_ffts_direct_h2d	1	4	round-robin	event	barrier	off	512	128	0	45.446	0	2135	40.252	/workspace/dev-sandbox/logs/glm512_144_matrix/20260831_160033/ffts_one_share_d1_s4_round_robin_event.log
ffts	one_share	one_share_host_to_all_device_ffts_direct_h2d	1	4	round-robin	stream	barrier	off	512	128	0	N/A	0	1951	44.048	/workspace/dev-sandbox/logs/glm512_144_matrix/20260831_160033/ffts_one_share_d1_s4_round_robin_stream.log
ce	all	all_host_to_all_device_ce_multi_stream	1	4	round-robin	event	barrier	off	512	128	0	12.819	0	8174	10.514	/workspace/dev-sandbox/logs/glm512_144_matrix/20260831_160033/ce_all_d1_s4_round_robin_event.log
ce	all	all_host_to_all_device_ce_multi_stream	1	4	round-robin	stream	barrier	off	512	128	0	N/A	0	7273	11.816	/workspace/dev-sandbox/logs/glm512_144_matrix/20260831_160033/ce_all_d1_s4_round_robin_stream.log
ffts	all	all_host_to_all_device_ffts_direct_h2d	1	4	round-robin	event	barrier	off	512	128	0	36.461	0	2625	32.738	/workspace/dev-sandbox/logs/glm512_144_matrix/20260831_160033/ffts_all_d1_s4_round_robin_event.log
ffts	all	all_host_to_all_device_ffts_direct_h2d	1	4	round-robin	stream	barrier	off	512	128	0	N/A	0	1896	45.326	/workspace/dev-sandbox/logs/glm512_144_matrix/20260831_160033/ffts_all_d1_s4_round_robin_stream.log
ce	one_share	one_share_host_to_all_device_ce_multi_stream	1	16	stream-major	event	barrier	off	512	128	0	8.562	0	12325	6.973	/workspace/dev-sandbox/logs/glm512_144_matrix/20260831_160033/ce_one_share_d1_s16_stream_major_event.log
ce	one_share	one_share_host_to_all_device_ce_multi_stream	1	16	stream-major	stream	barrier	off	512	128	0	N/A	0	14226	6.041	/workspace/dev-sandbox/logs/glm512_144_matrix/20260831_160033/ce_one_share_d1_s16_stream_major_stream.log
ffts	one_share	one_share_host_to_all_device_ffts_direct_h2d	1	16	stream-major	event	barrier	off	512	128	0	49.503	0	1958	43.890	/workspace/dev-sandbox/logs/glm512_144_matrix/20260831_160033/ffts_one_share_d1_s16_stream_major_event.log
ffts	one_share	one_share_host_to_all_device_ffts_direct_h2d	1	16	stream-major	stream	barrier	off	512	128	0	N/A	0	1787	48.090	/workspace/dev-sandbox/logs/glm512_144_matrix/20260831_160033/ffts_one_share_d1_s16_stream_major_stream.log
ce	all	all_host_to_all_device_ce_multi_stream	1	16	stream-major	event	barrier	off	512	128	0	13.886	0	7369	11.662	/workspace/dev-sandbox/logs/glm512_144_matrix/20260831_160033/ce_all_d1_s16_stream_major_event.log
ce	all	all_host_to_all_device_ce_multi_stream	1	16	stream-major	stream	barrier	off	512	128	0	N/A	0	8080	10.636	/workspace/dev-sandbox/logs/glm512_144_matrix/20260831_160033/ce_all_d1_s16_stream_major_stream.log
ffts	all	all_host_to_all_device_ffts_direct_h2d	1	16	stream-major	event	barrier	off	512	128	0	48.171	0	2495	34.444	/workspace/dev-sandbox/logs/glm512_144_matrix/20260831_160033/ffts_all_d1_s16_stream_major_event.log
ffts	all	all_host_to_all_device_ffts_direct_h2d	1	16	stream-major	stream	barrier	off	512	128	0	N/A	0	1731	49.646	/workspace/dev-sandbox/logs/glm512_144_matrix/20260831_160033/ffts_all_d1_s16_stream_major_stream.log
ce	one_share	one_share_host_to_all_device_ce_multi_stream	1	16	round-robin	event	barrier	off	512	128	0	9.827	0	10863	7.911	/workspace/dev-sandbox/logs/glm512_144_matrix/20260831_160033/ce_one_share_d1_s16_round_robin_event.log
ce	one_share	one_share_host_to_all_device_ce_multi_stream	1	16	round-robin	stream	barrier	off	512	128	0	N/A	0	10568	8.132	/workspace/dev-sandbox/logs/glm512_144_matrix/20260831_160033/ce_one_share_d1_s16_round_robin_stream.log
ffts	one_share	one_share_host_to_all_device_ffts_direct_h2d	1	16	round-robin	event	barrier	off	512	128	0	52.210	0	1951	44.048	/workspace/dev-sandbox/logs/glm512_144_matrix/20260831_160033/ffts_one_share_d1_s16_round_robin_event.log
ffts	one_share	one_share_host_to_all_device_ffts_direct_h2d	1	16	round-robin	stream	barrier	off	512	128	0	N/A	0	1689	50.881	/workspace/dev-sandbox/logs/glm512_144_matrix/20260831_160033/ffts_one_share_d1_s16_round_robin_stream.log
ce	all	all_host_to_all_device_ce_multi_stream	1	16	round-robin	event	barrier	off	512	128	0	14.024	0	7916	10.856	/workspace/dev-sandbox/logs/glm512_144_matrix/20260831_160033/ce_all_d1_s16_round_robin_event.log
ce	all	all_host_to_all_device_ce_multi_stream	1	16	round-robin	stream	barrier	off	512	128	0	N/A	0	7098	12.107	/workspace/dev-sandbox/logs/glm512_144_matrix/20260831_160033/ce_all_d1_s16_round_robin_stream.log
ffts	all	all_host_to_all_device_ffts_direct_h2d	1	16	round-robin	event	barrier	off	512	128	0	32.491	0	3214	26.738	/workspace/dev-sandbox/logs/glm512_144_matrix/20260831_160033/ffts_all_d1_s16_round_robin_event.log
ffts	all	all_host_to_all_device_ffts_direct_h2d	1	16	round-robin	stream	barrier	off	512	128	0	N/A	0	2065	41.616	/workspace/dev-sandbox/logs/glm512_144_matrix/20260831_160033/ffts_all_d1_s16_round_robin_stream.log
ce	one_share	one_share_host_to_all_device_ce_multi_stream	8	1	stream-major	event	barrier	off	512	128	0	25.036	0	27606	24.904	/workspace/dev-sandbox/logs/glm512_144_matrix/20260831_160033/ce_one_share_d8_s1_stream_major_event.log
ce	one_share	one_share_host_to_all_device_ce_multi_stream	8	1	stream-major	stream	barrier	off	512	128	0	N/A	1	33319	20.634	/workspace/dev-sandbox/logs/glm512_144_matrix/20260831_160033/ce_one_share_d8_s1_stream_major_stream.log
ffts	one_share	one_share_host_to_all_device_ffts_direct_h2d	8	1	stream-major	event	barrier	off	512	128	0	84.418	1	8547	80.438	/workspace/dev-sandbox/logs/glm512_144_matrix/20260831_160033/ffts_one_share_d8_s1_stream_major_event.log
ffts	one_share	one_share_host_to_all_device_ffts_direct_h2d	8	1	stream-major	stream	barrier	off	512	128	0	N/A	1	8211	83.729	/workspace/dev-sandbox/logs/glm512_144_matrix/20260831_160033/ffts_one_share_d8_s1_stream_major_stream.log
ce	all	all_host_to_all_device_ce_multi_stream	8	1	stream-major	event	barrier	off	512	128	0	39.205	0	17651	38.950	/workspace/dev-sandbox/logs/glm512_144_matrix/20260831_160033/ce_all_d8_s1_stream_major_event.log
ce	all	all_host_to_all_device_ce_multi_stream	8	1	stream-major	stream	barrier	off	512	128	0	N/A	3	16972	40.508	/workspace/dev-sandbox/logs/glm512_144_matrix/20260831_160033/ce_all_d8_s1_stream_major_stream.log
ffts	all	all_host_to_all_device_ffts_direct_h2d	8	1	stream-major	event	barrier	off	512	128	0	179.833	1	4193	163.964	/workspace/dev-sandbox/logs/glm512_144_matrix/20260831_160033/ffts_all_d8_s1_stream_major_event.log
ffts	all	all_host_to_all_device_ffts_direct_h2d	8	1	stream-major	stream	barrier	off	512	128	0	N/A	1	5272	130.406	/workspace/dev-sandbox/logs/glm512_144_matrix/20260831_160033/ffts_all_d8_s1_stream_major_stream.log
ce	one_share	one_share_host_to_all_device_ce_multi_stream	8	1	round-robin	event	barrier	off	512	128	0	16.977	1	40706	16.889	/workspace/dev-sandbox/logs/glm512_144_matrix/20260831_160033/ce_one_share_d8_s1_round_robin_event.log
ce	one_share	one_share_host_to_all_device_ce_multi_stream	8	1	round-robin	stream	barrier	off	512	128	0	N/A	1	41142	16.710	/workspace/dev-sandbox/logs/glm512_144_matrix/20260831_160033/ce_one_share_d8_s1_round_robin_stream.log
ffts	one_share	one_share_host_to_all_device_ffts_direct_h2d	8	1	round-robin	event	barrier	off	512	128	0	83.082	1	8677	79.232	/workspace/dev-sandbox/logs/glm512_144_matrix/20260831_160033/ffts_one_share_d8_s1_round_robin_event.log
ffts	one_share	one_share_host_to_all_device_ffts_direct_h2d	8	1	round-robin	stream	barrier	off	512	128	0	N/A	1	8222	83.617	/workspace/dev-sandbox/logs/glm512_144_matrix/20260831_160033/ffts_one_share_d8_s1_round_robin_stream.log
ce	all	all_host_to_all_device_ce_multi_stream	8	1	round-robin	event	barrier	off	512	128	0	38.676	1	17905	38.397	/workspace/dev-sandbox/logs/glm512_144_matrix/20260831_160033/ce_all_d8_s1_round_robin_event.log
ce	all	all_host_to_all_device_ce_multi_stream	8	1	round-robin	stream	barrier	off	512	128	0	N/A	1	17870	38.472	/workspace/dev-sandbox/logs/glm512_144_matrix/20260831_160033/ce_all_d8_s1_round_robin_stream.log
ffts	all	all_host_to_all_device_ffts_direct_h2d	8	1	round-robin	event	barrier	off	512	128	0	152.778	1	4691	146.557	/workspace/dev-sandbox/logs/glm512_144_matrix/20260831_160033/ffts_all_d8_s1_round_robin_event.log
ffts	all	all_host_to_all_device_ffts_direct_h2d	8	1	round-robin	stream	barrier	off	512	128	0	N/A	1	4190	164.081	/workspace/dev-sandbox/logs/glm512_144_matrix/20260831_160033/ffts_all_d8_s1_round_robin_stream.log
ce	one_share	one_share_host_to_all_device_ce_multi_stream	8	4	stream-major	event	barrier	off	512	128	0	36.733	1	25531	26.928	/workspace/dev-sandbox/logs/glm512_144_matrix/20260831_160033/ce_one_share_d8_s4_stream_major_event.log
ce	one_share	one_share_host_to_all_device_ce_multi_stream	8	4	stream-major	stream	barrier	off	512	128	0	N/A	1	25958	26.485	/workspace/dev-sandbox/logs/glm512_144_matrix/20260831_160033/ce_one_share_d8_s4_stream_major_stream.log
ffts	one_share	one_share_host_to_all_device_ffts_direct_h2d	8	4	stream-major	event	barrier	off	512	128	0	103.197	1	7229	95.103	/workspace/dev-sandbox/logs/glm512_144_matrix/20260831_160033/ffts_one_share_d8_s4_stream_major_event.log
ffts	one_share	one_share_host_to_all_device_ffts_direct_h2d	8	4	stream-major	stream	barrier	off	512	128	0	N/A	1	6731	102.139	/workspace/dev-sandbox/logs/glm512_144_matrix/20260831_160033/ffts_one_share_d8_s4_stream_major_stream.log
ce	all	all_host_to_all_device_ce_multi_stream	8	4	stream-major	event	barrier	off	512	128	0	81.787	1	11030	62.330	/workspace/dev-sandbox/logs/glm512_144_matrix/20260831_160033/ce_all_d8_s4_stream_major_event.log
ce	all	all_host_to_all_device_ce_multi_stream	8	4	stream-major	stream	barrier	off	512	128	0	N/A	1	16121	42.646	/workspace/dev-sandbox/logs/glm512_144_matrix/20260831_160033/ce_all_d8_s4_stream_major_stream.log
ffts	all	all_host_to_all_device_ffts_direct_h2d	8	4	stream-major	event	barrier	off	512	128	0	196.429	1	3768	182.458	/workspace/dev-sandbox/logs/glm512_144_matrix/20260831_160033/ffts_all_d8_s4_stream_major_event.log
ffts	all	all_host_to_all_device_ffts_direct_h2d	8	4	stream-major	stream	barrier	off	512	128	0	N/A	1	3886	176.917	/workspace/dev-sandbox/logs/glm512_144_matrix/20260831_160033/ffts_all_d8_s4_stream_major_stream.log
ce	one_share	one_share_host_to_all_device_ce_multi_stream	8	4	round-robin	event	barrier	off	512	128	0	37.902	1	25306	27.167	/workspace/dev-sandbox/logs/glm512_144_matrix/20260831_160033/ce_one_share_d8_s4_round_robin_event.log
ce	one_share	one_share_host_to_all_device_ce_multi_stream	8	4	round-robin	stream	barrier	off	512	128	0	N/A	1	23359	29.432	/workspace/dev-sandbox/logs/glm512_144_matrix/20260831_160033/ce_one_share_d8_s4_round_robin_stream.log
ffts	one_share	one_share_host_to_all_device_ffts_direct_h2d	8	4	round-robin	event	barrier	off	512	128	0	105.203	1	7939	86.598	/workspace/dev-sandbox/logs/glm512_144_matrix/20260831_160033/ffts_one_share_d8_s4_round_robin_event.log
ffts	one_share	one_share_host_to_all_device_ffts_direct_h2d	8	4	round-robin	stream	barrier	off	512	128	0	N/A	1	6616	103.915	/workspace/dev-sandbox/logs/glm512_144_matrix/20260831_160033/ffts_one_share_d8_s4_round_robin_stream.log
ce	all	all_host_to_all_device_ce_multi_stream	8	4	round-robin	event	barrier	off	512	128	0	83.678	1	12089	56.870	/workspace/dev-sandbox/logs/glm512_144_matrix/20260831_160033/ce_all_d8_s4_round_robin_event.log
ce	all	all_host_to_all_device_ce_multi_stream	8	4	round-robin	stream	barrier	off	512	128	0	N/A	1	16637	41.324	/workspace/dev-sandbox/logs/glm512_144_matrix/20260831_160033/ce_all_d8_s4_round_robin_stream.log
ffts	all	all_host_to_all_device_ffts_direct_h2d	8	4	round-robin	event	barrier	off	512	128	0	158.447	1	4723	145.564	/workspace/dev-sandbox/logs/glm512_144_matrix/20260831_160033/ffts_all_d8_s4_round_robin_event.log
ffts	all	all_host_to_all_device_ffts_direct_h2d	8	4	round-robin	stream	barrier	off	512	128	0	N/A	1	4299	159.921	/workspace/dev-sandbox/logs/glm512_144_matrix/20260831_160033/ffts_all_d8_s4_round_robin_stream.log
ce	one_share	one_share_host_to_all_device_ce_multi_stream	8	16	stream-major	event	barrier	off	512	128	0	46.008	1	23969	28.683	/workspace/dev-sandbox/logs/glm512_144_matrix/20260831_160033/ce_one_share_d8_s16_stream_major_event.log
ce	one_share	one_share_host_to_all_device_ce_multi_stream	8	16	stream-major	stream	barrier	off	512	128	0	N/A	1	22871	30.060	/workspace/dev-sandbox/logs/glm512_144_matrix/20260831_160033/ce_one_share_d8_s16_stream_major_stream.log
ffts	one_share	one_share_host_to_all_device_ffts_direct_h2d	8	16	stream-major	event	barrier	off	512	128	0	105.026	1	10089	68.144	/workspace/dev-sandbox/logs/glm512_144_matrix/20260831_160033/ffts_one_share_d8_s16_stream_major_event.log
ffts	one_share	one_share_host_to_all_device_ffts_direct_h2d	8	16	stream-major	stream	barrier	off	512	128	0	N/A	1	6628	103.727	/workspace/dev-sandbox/logs/glm512_144_matrix/20260831_160033/ffts_one_share_d8_s16_stream_major_stream.log
ce	all	all_host_to_all_device_ce_multi_stream	8	16	stream-major	event	barrier	off	512	128	0	92.331	1	14547	47.261	/workspace/dev-sandbox/logs/glm512_144_matrix/20260831_160033/ce_all_d8_s16_stream_major_event.log
ce	all	all_host_to_all_device_ce_multi_stream	8	16	stream-major	stream	barrier	off	512	128	0	N/A	1	11072	62.094	/workspace/dev-sandbox/logs/glm512_144_matrix/20260831_160033/ce_all_d8_s16_stream_major_stream.log
ffts	all	all_host_to_all_device_ffts_direct_h2d	8	16	stream-major	event	barrier	off	512	128	0	196.766	1	9121	75.376	/workspace/dev-sandbox/logs/glm512_144_matrix/20260831_160033/ffts_all_d8_s16_stream_major_event.log
ffts	all	all_host_to_all_device_ffts_direct_h2d	8	16	stream-major	stream	barrier	off	512	128	0	N/A	1	3537	194.374	/workspace/dev-sandbox/logs/glm512_144_matrix/20260831_160033/ffts_all_d8_s16_stream_major_stream.log
ce	one_share	one_share_host_to_all_device_ce_multi_stream	8	16	round-robin	event	barrier	off	512	128	0	53.336	1	21748	31.612	/workspace/dev-sandbox/logs/glm512_144_matrix/20260831_160033/ce_one_share_d8_s16_round_robin_event.log
ce	one_share	one_share_host_to_all_device_ce_multi_stream	8	16	round-robin	stream	barrier	off	512	128	0	N/A	1	22967	29.934	/workspace/dev-sandbox/logs/glm512_144_matrix/20260831_160033/ce_one_share_d8_s16_round_robin_stream.log
ffts	one_share	one_share_host_to_all_device_ffts_direct_h2d	8	16	round-robin	event	barrier	off	512	128	0	105.396	1	13381	51.379	/workspace/dev-sandbox/logs/glm512_144_matrix/20260831_160033/ffts_one_share_d8_s16_round_robin_event.log
ffts	one_share	one_share_host_to_all_device_ffts_direct_h2d	8	16	round-robin	stream	barrier	off	512	128	0	N/A	1	6650	103.383	/workspace/dev-sandbox/logs/glm512_144_matrix/20260831_160033/ffts_one_share_d8_s16_round_robin_stream.log
ce	all	all_host_to_all_device_ce_multi_stream	8	16	round-robin	event	barrier	off	512	128	0	90.117	1	15679	43.848	/workspace/dev-sandbox/logs/glm512_144_matrix/20260831_160033/ce_all_d8_s16_round_robin_event.log
ce	all	all_host_to_all_device_ce_multi_stream	8	16	round-robin	stream	barrier	off	512	128	0	N/A	1	9773	70.347	/workspace/dev-sandbox/logs/glm512_144_matrix/20260831_160033/ce_all_d8_s16_round_robin_stream.log
ffts	all	all_host_to_all_device_ffts_direct_h2d	8	16	round-robin	event	barrier	off	512	128	0	161.234	1	8857	77.622	/workspace/dev-sandbox/logs/glm512_144_matrix/20260831_160033/ffts_all_d8_s16_round_robin_event.log
ffts	all	all_host_to_all_device_ffts_direct_h2d	8	16	round-robin	stream	barrier	off	512	128	0	N/A	1	4390	156.606	/workspace/dev-sandbox/logs/glm512_144_matrix/20260831_160033/ffts_all_d8_s16_round_robin_stream.log
ce	one_share	one_share_host_to_all_device_ce_multi_stream	16	1	stream-major	event	barrier	off	512	128	0	31.050	1	44565	30.854	/workspace/dev-sandbox/logs/glm512_144_matrix/20260831_160033/ce_one_share_d16_s1_stream_major_event.log
ce	one_share	one_share_host_to_all_device_ce_multi_stream	16	1	stream-major	stream	barrier	off	512	128	0	N/A	1	52955	25.965	/workspace/dev-sandbox/logs/glm512_144_matrix/20260831_160033/ce_one_share_d16_s1_stream_major_stream.log
ffts	one_share	one_share_host_to_all_device_ffts_direct_h2d	16	1	stream-major	event	barrier	off	512	128	0	104.962	1	14144	97.214	/workspace/dev-sandbox/logs/glm512_144_matrix/20260831_160033/ffts_one_share_d16_s1_stream_major_event.log
ffts	one_share	one_share_host_to_all_device_ffts_direct_h2d	16	1	stream-major	stream	barrier	off	512	128	0	N/A	1	13220	104.009	/workspace/dev-sandbox/logs/glm512_144_matrix/20260831_160033/ffts_one_share_d16_s1_stream_major_stream.log
ce	all	all_host_to_all_device_ce_multi_stream	16	1	stream-major	event	barrier	off	512	128	0	64.210	1	21585	63.702	/workspace/dev-sandbox/logs/glm512_144_matrix/20260831_160033/ce_all_d16_s1_stream_major_event.log
ce	all	all_host_to_all_device_ce_multi_stream	16	1	stream-major	stream	barrier	off	512	128	0	N/A	1	31320	43.902	/workspace/dev-sandbox/logs/glm512_144_matrix/20260831_160033/ce_all_d16_s1_stream_major_stream.log
ffts	all	all_host_to_all_device_ffts_direct_h2d	16	1	stream-major	event	barrier	off	512	128	0	248.734	1	5935	231.676	/workspace/dev-sandbox/logs/glm512_144_matrix/20260831_160033/ffts_all_d16_s1_stream_major_event.log
ffts	all	all_host_to_all_device_ffts_direct_h2d	16	1	stream-major	stream	barrier	off	512	128	0	N/A	1	6512	211.149	/workspace/dev-sandbox/logs/glm512_144_matrix/20260831_160033/ffts_all_d16_s1_stream_major_stream.log
ce	one_share	one_share_host_to_all_device_ce_multi_stream	16	1	round-robin	event	barrier	off	512	128	0	35.122	1	39327	34.963	/workspace/dev-sandbox/logs/glm512_144_matrix/20260831_160033/ce_one_share_d16_s1_round_robin_event.log
ce	one_share	one_share_host_to_all_device_ce_multi_stream	16	1	round-robin	stream	barrier	off	512	128	0	N/A	1	56310	24.418	/workspace/dev-sandbox/logs/glm512_144_matrix/20260831_160033/ce_one_share_d16_s1_round_robin_stream.log
ffts	one_share	one_share_host_to_all_device_ffts_direct_h2d	16	1	round-robin	event	barrier	off	512	128	0	105.138	1	14131	97.304	/workspace/dev-sandbox/logs/glm512_144_matrix/20260831_160033/ffts_one_share_d16_s1_round_robin_event.log
ffts	one_share	one_share_host_to_all_device_ffts_direct_h2d	16	1	round-robin	stream	barrier	off	512	128	0	N/A	1	13234	103.899	/workspace/dev-sandbox/logs/glm512_144_matrix/20260831_160033/ffts_one_share_d16_s1_round_robin_stream.log
ce	all	all_host_to_all_device_ce_multi_stream	16	1	round-robin	event	barrier	off	512	128	0	67.514	1	20529	66.978	/workspace/dev-sandbox/logs/glm512_144_matrix/20260831_160033/ce_all_d16_s1_round_robin_event.log
ce	all	all_host_to_all_device_ce_multi_stream	16	1	round-robin	stream	barrier	off	512	128	0	N/A	1	24536	56.040	/workspace/dev-sandbox/logs/glm512_144_matrix/20260831_160033/ce_all_d16_s1_round_robin_stream.log
ffts	all	all_host_to_all_device_ffts_direct_h2d	16	1	round-robin	event	barrier	off	512	128	0	151.549	1	9618	142.961	/workspace/dev-sandbox/logs/glm512_144_matrix/20260831_160033/ffts_all_d16_s1_round_robin_event.log
ffts	all	all_host_to_all_device_ffts_direct_h2d	16	1	round-robin	stream	barrier	off	512	128	0	N/A	1	6384	215.382	/workspace/dev-sandbox/logs/glm512_144_matrix/20260831_160033/ffts_all_d16_s1_round_robin_stream.log
ce	one_share	one_share_host_to_all_device_ce_multi_stream	16	4	stream-major	event	barrier	off	512	128	0	66.493	1	26932	51.055	/workspace/dev-sandbox/logs/glm512_144_matrix/20260831_160033/ce_one_share_d16_s4_stream_major_event.log
ce	one_share	one_share_host_to_all_device_ce_multi_stream	16	4	stream-major	stream	barrier	off	512	128	0	N/A	1	30112	45.663	/workspace/dev-sandbox/logs/glm512_144_matrix/20260831_160033/ce_one_share_d16_s4_stream_major_stream.log
ffts	one_share	one_share_host_to_all_device_ffts_direct_h2d	16	4	stream-major	event	barrier	off	512	128	0	104.658	1	15287	89.946	/workspace/dev-sandbox/logs/glm512_144_matrix/20260831_160033/ffts_one_share_d16_s4_stream_major_event.log
ffts	one_share	one_share_host_to_all_device_ffts_direct_h2d	16	4	stream-major	stream	barrier	off	512	128	0	N/A	1	13272	103.602	/workspace/dev-sandbox/logs/glm512_144_matrix/20260831_160033/ffts_one_share_d16_s4_stream_major_stream.log
ce	all	all_host_to_all_device_ce_multi_stream	16	4	stream-major	event	barrier	off	512	128	0	117.823	1	16363	84.031	/workspace/dev-sandbox/logs/glm512_144_matrix/20260831_160033/ce_all_d16_s4_stream_major_event.log
ce	all	all_host_to_all_device_ce_multi_stream	16	4	stream-major	stream	barrier	off	512	128	0	N/A	1	19862	69.228	/workspace/dev-sandbox/logs/glm512_144_matrix/20260831_160033/ce_all_d16_s4_stream_major_stream.log
ffts	all	all_host_to_all_device_ffts_direct_h2d	16	4	stream-major	event	barrier	off	512	128	0	229.549	1	7071	194.456	/workspace/dev-sandbox/logs/glm512_144_matrix/20260831_160033/ffts_all_d16_s4_stream_major_event.log
ffts	all	all_host_to_all_device_ffts_direct_h2d	16	4	stream-major	stream	barrier	off	512	128	0	N/A	32	5393	254.960	/workspace/dev-sandbox/logs/glm512_144_matrix/20260831_160033/ffts_all_d16_s4_stream_major_stream.log
ce	one_share	one_share_host_to_all_device_ce_multi_stream	16	4	round-robin	event	barrier	off	512	128	0	62.432	1	29809	46.127	/workspace/dev-sandbox/logs/glm512_144_matrix/20260831_160033/ce_one_share_d16_s4_round_robin_event.log
ce	one_share	one_share_host_to_all_device_ce_multi_stream	16	4	round-robin	stream	barrier	off	512	128	0	N/A	1	32007	42.959	/workspace/dev-sandbox/logs/glm512_144_matrix/20260831_160033/ce_one_share_d16_s4_round_robin_stream.log
ffts	one_share	one_share_host_to_all_device_ffts_direct_h2d	16	4	round-robin	event	barrier	off	512	128	0	105.834	1	15831	86.855	/workspace/dev-sandbox/logs/glm512_144_matrix/20260831_160033/ffts_one_share_d16_s4_round_robin_event.log
ffts	one_share	one_share_host_to_all_device_ffts_direct_h2d	16	4	round-robin	stream	barrier	off	512	128	0	N/A	1	13140	104.642	/workspace/dev-sandbox/logs/glm512_144_matrix/20260831_160033/ffts_one_share_d16_s4_round_robin_stream.log
ce	all	all_host_to_all_device_ce_multi_stream	16	4	round-robin	event	barrier	off	512	128	0	120.699	1	17422	78.923	/workspace/dev-sandbox/logs/glm512_144_matrix/20260831_160033/ce_all_d16_s4_round_robin_event.log
ce	all	all_host_to_all_device_ce_multi_stream	16	4	round-robin	stream	barrier	off	512	128	0	N/A	1	20230	67.968	/workspace/dev-sandbox/logs/glm512_144_matrix/20260831_160033/ce_all_d16_s4_round_robin_stream.log
ffts	all	all_host_to_all_device_ffts_direct_h2d	16	4	round-robin	event	barrier	off	512	128	0	230.087	1	7343	187.253	/workspace/dev-sandbox/logs/glm512_144_matrix/20260831_160033/ffts_all_d16_s4_round_robin_event.log
ffts	all	all_host_to_all_device_ffts_direct_h2d	16	4	round-robin	stream	barrier	off	512	128	0	N/A	1	5342	257.394	/workspace/dev-sandbox/logs/glm512_144_matrix/20260831_160033/ffts_all_d16_s4_round_robin_stream.log
ce	one_share	one_share_host_to_all_device_ce_multi_stream	16	16	stream-major	event	barrier	off	512	128	0	60.597	1	37369	36.795	/workspace/dev-sandbox/logs/glm512_144_matrix/20260831_160033/ce_one_share_d16_s16_stream_major_event.log
ce	one_share	one_share_host_to_all_device_ce_multi_stream	16	16	stream-major	stream	barrier	off	512	128	0	N/A	1	26865	51.182	/workspace/dev-sandbox/logs/glm512_144_matrix/20260831_160033/ce_one_share_d16_s16_stream_major_stream.log
ffts	one_share	one_share_host_to_all_device_ffts_direct_h2d	16	16	stream-major	event	barrier	off	512	128	0	105.348	1	20268	67.841	/workspace/dev-sandbox/logs/glm512_144_matrix/20260831_160033/ffts_one_share_d16_s16_stream_major_event.log
ffts	one_share	one_share_host_to_all_device_ffts_direct_h2d	16	16	stream-major	stream	barrier	off	512	128	0	N/A	1	13161	104.475	/workspace/dev-sandbox/logs/glm512_144_matrix/20260831_160033/ffts_one_share_d16_s16_stream_major_stream.log
ce	all	all_host_to_all_device_ce_multi_stream	16	16	stream-major	event	barrier	off	512	128	0	128.577	2	25384	54.168	/workspace/dev-sandbox/logs/glm512_144_matrix/20260831_160033/ce_all_d16_s16_stream_major_event.log
ce	all	all_host_to_all_device_ce_multi_stream	16	16	stream-major	stream	barrier	off	512	128	0	N/A	1	14821	92.774	/workspace/dev-sandbox/logs/glm512_144_matrix/20260831_160033/ce_all_d16_s16_stream_major_stream.log
ffts	all	all_host_to_all_device_ffts_direct_h2d	16	16	stream-major	event	barrier	off	512	128	0	228.976	1	19072	72.095	/workspace/dev-sandbox/logs/glm512_144_matrix/20260831_160033/ffts_all_d16_s16_stream_major_event.log
ffts	all	all_host_to_all_device_ffts_direct_h2d	16	16	stream-major	stream	barrier	off	512	128	0	N/A	1	6967	197.359	/workspace/dev-sandbox/logs/glm512_144_matrix/20260831_160033/ffts_all_d16_s16_stream_major_stream.log
ce	one_share	one_share_host_to_all_device_ce_multi_stream	16	16	round-robin	event	barrier	off	512	128	0	61.450	6	38386	35.820	/workspace/dev-sandbox/logs/glm512_144_matrix/20260831_160033/ce_one_share_d16_s16_round_robin_event.log
ce	one_share	one_share_host_to_all_device_ce_multi_stream	16	16	round-robin	stream	barrier	off	512	128	0	N/A	1	28874	47.621	/workspace/dev-sandbox/logs/glm512_144_matrix/20260831_160033/ce_one_share_d16_s16_round_robin_stream.log
ffts	one_share	one_share_host_to_all_device_ffts_direct_h2d	16	16	round-robin	event	barrier	off	512	128	0	105.591	1	24825	55.388	/workspace/dev-sandbox/logs/glm512_144_matrix/20260831_160033/ffts_one_share_d16_s16_round_robin_event.log
ffts	one_share	one_share_host_to_all_device_ffts_direct_h2d	16	16	round-robin	stream	barrier	off	512	128	0	N/A	1	13168	104.420	/workspace/dev-sandbox/logs/glm512_144_matrix/20260831_160033/ffts_one_share_d16_s16_round_robin_stream.log
ce	all	all_host_to_all_device_ce_multi_stream	16	16	round-robin	event	barrier	off	512	128	0	129.815	1	25593	53.726	/workspace/dev-sandbox/logs/glm512_144_matrix/20260831_160033/ce_all_d16_s16_round_robin_event.log
ce	all	all_host_to_all_device_ce_multi_stream	16	16	round-robin	stream	barrier	off	512	128	0	N/A	1	15176	90.604	/workspace/dev-sandbox/logs/glm512_144_matrix/20260831_160033/ce_all_d16_s16_round_robin_stream.log
ffts	all	all_host_to_all_device_ffts_direct_h2d	16	16	round-robin	event	barrier	off	512	128	0	200.058	1	17493	78.603	/workspace/dev-sandbox/logs/glm512_144_matrix/20260831_160033/ffts_all_d16_s16_round_robin_event.log
ffts	all	all_host_to_all_device_ffts_direct_h2d	16	16	round-robin	stream	barrier	off	512	128	0	N/A	1	6992	196.653	/workspace/dev-sandbox/logs/glm512_144_matrix/20260831_160033/ffts_all_d16_s16_round_robin_stream.log